step,episode,entropy,latency,num_layers,temperature,reward,entropy_penalty,prefill_freq,decode_freq,batch_size,per_token_latency,decode_latency,max_temp
0,400,0.888,4.6647,16,54.3086,0.11576051648254793,0.7288030750484592,7,7,31,0.00123339502908514,4.5341,95.0
1,400,0.9158,4.7223999999999995,16,56.704899999999995,0.07010135002703954,0.7537745765901299,7,5,31,0.0013246563814866758,4.6301,95.0
2,400,0.9122,4.7277,16,58.887100000000004,0.05264540040226695,0.750533025993235,9,6,31,0.0012398898505114081,4.6117,95.0
3,400,0.9515,4.7304,16,60.854150000000004,0.01389317831684378,0.7860466010933342,4,6,31,0.0012822987259419898,4.5723,95.0
4,400,0.8121,4.6712,16,62.918949999999995,0.1014864623451941,0.661328273804058,6,9,31,0.0012878963330576233,4.55,95.0
5,400,0.8683,4.7332,16,64.24199999999999,0.06580506924139251,0.7111913088952513,4,6,31,0.0012939311098961181,4.58,95.0
6,400,0.8699,4.7852,16,65.7934,-0.005791068852185499,0.7126191185514591,2,6,31,0.0013307007786429366,4.6088,95.0
7,400,0.9014,4.8588000000000005,16,66.97515,-0.041788930292722015,0.7408223659454451,1,5,31,0.0013629172510518936,4.6581,95.0
8,400,0.8763,4.7928,16,68.1173,-0.042218497219157936,0.7183349283610846,4,5,31,0.0013102241662110443,4.6385,95.0
9,400,0.9364,4.74,16,69.5264,-0.09752517581957076,0.7723684048302737,8,5,31,0.001295790049207217,4.6331,95.0
10,400,0.9251,4.7006000000000006,16,70.93515,-0.11579776614567017,0.7621593927642876,5,8,31,0.0012636021505376346,4.5578,95.0
11,400,0.9165,4.756200000000001,16,71.8827,-0.15553846977756824,0.7544051491699033,3,6,31,0.0012575885774722372,4.5544,95.0
12,400,0.8214,4.7627,16,73.0761,-0.1103284650116243,0.6695409798422258,7,4,25,0.001656591304347826,4.6852,95.0
13,400,0.8982,4.6555,16,73.95095,-0.16681372952466011,0.7379491591554852,9,9,31,0.0012726899945325314,4.5556,95.0
14,400,0.9051,4.9035,16,75.0156,-0.15158841779518728,0.7441468043867633,9,5,31,0.0013072513996267663,4.7923,95.0
15,400,0.9258,4.7538,16,76.16964999999999,-0.13637329242337837,0.7627911393004996,8,5,31,0.0013219688542825362,4.6641,95.0
16,400,0.986,4.9709,16,77.23384999999999,-0.18633468313804946,0.7835983366682787,10,3,25,0.0017441754385964913,4.9058,95.0
17,400,0.918,5.395300000000001,16,78.15185,-0.07281690427473553,0.6547574871030298,5,3,31,0.0014503494623655916,5.2537,95.0
18,400,0.891,4.6395,16,80.00505,0.08200878206220208,0.5166787087400789,7,9,31,0.0013128183361629882,4.5447,95.0
19,400,0.8934,4.757000000000001,16,80.7012,0.16863530980214214,0.47993352257395183,8,5,31,0.0012475740886441124,4.6321,95.0
20,400,0.9386,4.8303,16,81.83785,0.20104173618369103,0.4469335111380818,1,6,31,0.001320475669764899,4.5804,95.0
21,400,0.8397,4.9675,16,82.755,0.3018189579090793,0.35774440953463227,5,4,31,0.0013353494623655916,4.8257,95.0
22,400,0.9192,4.7827,16,83.6044,0.31235405620492035,0.3595534952586021,5,5,31,0.001264595452141724,4.6271,95.0
23,400,0.8905,4.7679,16,84.45445,0.3809243104146525,0.3162447403671826,3,5,31,0.001349151103565365,4.6195,95.0
24,400,0.9108,4.702800000000001,16,85.55765,0.3922540579828252,0.2870288728225039,6,6,31,0.0012333595594020458,4.5585,95.0
25,400,0.952,4.656199999999999,16,86.59085,0.4281238521366786,0.2688681503697792,8,6,31,0.001306086956521739,4.5703,95.0
26,400,0.889,4.7618,16,87.6189,0.5025000216384955,0.22273358485760855,7,4,25,0.0015872666666666667,4.6655,95.0
27,400,0.8635,4.777,16,88.429,0.500072399534057,0.19735050713180008,7,5,31,0.001263088313061872,4.6453,95.0
28,400,0.888,4.5981,16,89.45400000000001,0.5640503615387698,0.18173199409038515,3,6,19,0.0021043935926773455,4.4925,95.0
29,400,0.9524,4.7472,16,90.16095,0.5932658122011465,0.1815049655503687,3,4,13,0.0030179275270184364,4.6429,95.0
30,400,3.2503,6.658,14,90.31784999999999,0.9682249124342955,-0.2815691870439404,8,0,13,0.004340286831812256,6.6001,95.0
31,400,0.9544,4.7462,16,91.29475,0.5802004573448355,0.1605572346108,2,5,25,0.0016366206896551725,4.5708,95.0
32,400,1.0164,4.6599,16,92.279,0.6274924498261241,0.15439836973445317,10,4,19,0.002151385041551247,4.599,95.0
33,400,5.0291,4.1472,14,93.04485,0.9538168758451391,-0.1830053750458398,9,7,31,0.0011532814238042269,4.0691,95.0
34,400,1.0145,4.9845,16,93.7944,0.6123347209955976,0.13038379026449562,10,3,25,0.0017337391304347825,4.9167,95.0
35,400,0.9138,4.5788,16,94.32475,0.6495257004078285,0.10962974135236743,8,6,19,0.0020597390913180387,4.5115,95.0
36,400,4.1368,4.2733,14,94.54554999999999,1.5207587383570933,-0.7059535169349314,5,5,25,0.0014485762711864407,4.1746,95.0
37,400,1.0216,4.6905,16,95.4294,0.6796399296685054,0.11504715315970127,5,4,13,0.0031374581939799333,4.6288,95.0
38,400,0.807,4.7459,16,96.09729999999999,0.626576595303642,0.08889241117722457,7,4,25,0.0016365172413793103,4.654,95.0
39,400,0.852,4.728000000000001,16,96.50455,0.6016444318168203,0.09428423550175057,9,4,25,0.001644521739130435,4.6592,95.0
40,400,0.8462,4.6344,16,97.22285,0.6141486077262326,0.09358656203533226,6,5,13,0.0031271255060728747,4.569,95.0
41,400,3.9525,4.2084,14,97.9868,1.4592467350505993,-0.8172796831444429,7,6,31,0.001121940815782458,4.0896,95.0
42,400,0.9537,4.7279,16,98.51285,0.4947667026725747,0.10665000917581066,6,5,19,0.00210878679750223,4.648,95.0
43,400,3.5791,4.7052,14,98.53715,1.5616560121908236,-0.8977880026615793,10,2,19,0.002172299168975069,4.6438,95.0
44,400,0.8899,5.4621,16,98.90174999999999,0.4627089015383564,0.09886314758568995,7,3,19,0.002395657894736842,5.3765,95.0
45,400,8.6245,4.2417,12,98.9505,1.187329691789121,-0.5165395324912296,6,6,25,0.0014883157894736842,4.1731,95.0
46,400,0.9039,5.9779,16,98.8195,0.39221961803881006,0.1005633640651777,6,4,31,0.0015677681615525834,5.7625,95.0
47,400,8.8513,5.0693,12,98.86485,1.049595601575953,-0.3843743889143485,10,1,19,0.0023611085235211923,4.9973,95.0
48,400,0.8981,6.4559999999999995,16,98.88055,0.3768316729180476,0.09985841103259044,5,6,31,0.0017953281423804225,6.3091,95.0
49,400,0.8339,6.2004,16,98.87105,0.4697400346159437,0.09210968840422111,4,4,13,0.004111671087533157,6.119,95.0
50,400,8.1392,4.670299999999999,13,98.85875,0.7671374325462875,-0.06569962498688176,1,5,7,0.0058525062656641594,4.6027,95.0
51,400,0.9937,5.9688,16,98.8066,0.47195817284647096,0.11158297329367307,5,6,13,0.003992508361204013,5.8847,95.0
52,400,1.0105,6.0084,16,98.79505,0.4636476920651583,0.11366661521085207,4,5,13,0.0037575984990619138,5.8997,95.0
53,400,0.8373,6.1676,16,98.8914,0.46969236977824724,0.09251756662746834,9,3,13,0.004125484949832776,6.0867,95.0
54,400,9.0691,3.9486000000000003,9,98.8151,3.188150245516041,-2.3945417151955675,3,7,7,0.005036479591836735,3.8961,95.0
55,400,4.056,5.9287,14,98.89840000000001,1.3174667015213168,-0.793879183044215,9,7,31,0.0016346015991177282,5.7708,95.0
56,400,4.2487,5.871700000000001,14,98.8876,1.2793602030060889,-0.7489995362571883,9,7,31,0.0016328420467185763,5.738,95.0
57,400,4.6794,6.5028999999999995,14,98.89335,1.1347925831755363,-0.6422111827192145,9,4,31,0.0017777200656096225,6.3027,95.0
58,400,0.9007,6.4789,16,98.9302,0.4061795596825478,0.10017432333871976,3,5,19,0.00288978590544157,6.3312,95.0
59,400,0.8937,6.6425,16,98.93785,0.39752000347117145,0.0993241642992403,6,2,19,0.002962756467439786,6.5047,95.0
60,400,8.7383,5.9098999999999995,12,98.9984,1.006735731071461,-0.45097322011393803,10,6,31,0.0016577559607293126,5.7573,95.0
61,400,0.9313,6.4108,16,98.75385,0.44378346682464054,0.10390473837447825,6,9,13,0.00410948717948718,6.2495,95.0
62,400,9.0794,3.9692,9,98.73275,3.189506910763845,-2.3881223964376326,3,8,7,0.005108365508365508,3.916,95.0
63,400,0.8321,6.5807,16,98.92145,0.40913641323805855,0.09189386513454556,5,4,19,0.0029602789023841654,6.4348,95.0
64,400,0.7988,6.7891,16,98.94964999999999,0.39073573447501125,0.08791511723106867,2,7,19,0.002953066550674206,6.6096,95.0
65,400,1.4549,7.8522,15,98.97005,0.9582638488212916,-0.5428812965204408,0,0,19,0.0035023193577163247,7.6533,95.0
66,400,0.6403,5.5593,15,98.88435,1.2867494459530446,-0.6449494573468053,8,10,1,0.050539090909090915,5.4896,95.0
67,400,0.9008,7.9776,16,99.08330000000001,0.2788457622737673,0.10018647709296645,7,4,25,0.002704271186440678,7.8247,95.0
68,400,3.9429,6.510400000000001,14,98.8569,1.326164814709065,-0.8194257164836993,9,7,31,0.0018422184493491797,6.3493,95.0
69,400,0.9811,7.2415,16,99.021,0.34396152889884263,0.11002482985968333,7,8,19,0.00322992863514719,7.1043,95.0
70,400,1.4209,6.93,15,98.80850000000001,1.0051777136323996,-0.5474822353627771,3,9,31,0.0018475073313782991,6.7006,95.0
71,400,0.8689,7.1731,16,99.00095,0.3451472800276456,0.09632173236270099,3,4,25,0.002431559322033898,7.0076,95.0
72,400,4.034,6.1472,14,98.9778,1.3261730572643295,-0.7988938208045865,4,2,25,0.0021569122807017544,6.0046,95.0
73,400,4.1694,6.2948,14,98.94815,1.2877515183872519,-0.7676780998985528,2,3,25,0.002098266666666667,6.1276,95.0
74,400,0.8073,7.396800000000001,16,98.94194999999999,0.34324333995692635,0.0889281962341644,8,3,25,0.002595368421052632,7.2537,95.0
75,400,5.1638,6.660500000000001,14,98.9247,0.9913548682174499,-0.5105884189488503,10,5,31,0.001790456989247312,6.4537,95.0
76,400,0.8238,6.6961,16,99.0446,0.395646755052001,0.09089968457843285,7,6,19,0.0030381578947368424,6.5506,95.0
77,400,4.2238,8.4399,14,98.9939,1.117826958801517,-0.754896495080647,0,4,31,0.002250039989336177,8.097,95.0
78,400,0.831,6.7059999999999995,16,98.97999999999999,0.4285294126401715,0.09176201137999054,4,9,13,0.00456501021102791,6.5961,95.0
79,400,0.8788,6.5719,16,98.8024,0.4182866878893547,0.09751849827808386,3,3,19,0.0030341181902123733,6.4252,95.0
80,400,8.749,5.2421,12,98.89519999999999,1.081330274741453,-0.4447312749435244,1,5,19,0.002358119658119658,5.1154,95.0
81,400,0.8754,6.6635,16,98.96449999999999,0.4169059194793716,0.09710722057726756,4,9,13,0.004536078965282505,6.5498,95.0
82,400,0.9986,6.726,16,98.97524999999999,0.37661470670731195,0.11218997915768812,7,7,19,0.0030782608695652173,6.5906,95.0
83,400,4.4472,7.9024,14,98.90585,1.1048072016759578,-0.7009245167505231,9,4,31,0.002124301075268817,7.6516,95.0
84,400,4.9001,6.751900000000001,14,98.9602,1.0499369207839608,-0.5838206701687213,0,4,31,0.001785272342675833,6.4053,95.0
85,400,0.7462,6.5592,16,98.93285,0.4213503950790507,0.0816841058595318,6,3,19,0.0030019221967963385,6.428,95.0
86,400,0.9402,6.6027000000000005,16,98.8899,0.4183313958627751,0.10499402099831753,5,7,13,0.0043410256410256415,6.5033,95.0
87,400,8.473,4.636,11,98.87119999999999,2.037069297078469,-1.315828693551322,7,4,7,0.005860935524652339,4.5744,95.0
88,400,4.6317,5.9386,14,98.87129999999999,1.2516836778128595,-0.6544959875319738,6,7,13,0.0039723076923076925,5.8602,95.0
89,400,3.9385,6.2437000000000005,14,98.82615,1.4064686532968484,-0.8204079389037664,5,5,13,0.004250306330837304,6.1394,95.0
90,400,9.0411,7.8212,12,98.86215,0.7193021032036774,-0.26906845936774904,5,0,31,0.002138108255877529,7.6494,95.0
91,400,9.2659,5.021800000000001,10,98.80109999999999,2.2239036867652557,-1.5552864066573742,2,9,31,0.0014086395511921461,4.8981,95.0
92,400,9.1679,5.1881,11,99.0437,1.5473738146682268,-0.9038463230531453,0,7,19,0.002314049955396967,5.0307,95.0
93,400,4.8608,5.782699999999999,14,98.87135,1.1951202838474517,-0.5944077568470775,5,5,13,0.0039019568151147095,5.6793,95.0
94,400,4.2242,6.1484000000000005,14,98.93780000000001,1.2870336064402068,-0.7548019967211127,2,3,25,0.0020842033898305088,5.9968,95.0
95,400,4.4784,6.6283,14,98.8456,1.229290446467528,-0.6931930573266448,10,2,19,0.003060156971375808,6.4924,95.0
96,400,8.6382,5.2761,12,98.89515,1.113052545899592,-0.5087250083373633,4,4,31,0.0014672135706340376,5.1537,95.0
97,400,0.8156,7.8522,16,98.9217,0.31674803871404184,0.08991910140180527,5,2,25,0.0027795398230088496,7.6822,95.0
98,400,0.9371,7.2751,16,98.75305,0.3679222108792412,0.10461438787020408,9,4,19,0.0031130081300813008,7.0666,95.0
99,400,8.8587,5.5145,12,99.00139999999999,0.998729356619193,-0.3799603151505373,4,6,19,0.0025237986270022885,5.4018,95.0
100,400,8.6376,3.6159000000000003,12,94.4925,1.1452905183702002,-0.29412574464973007,5,9,13,0.0023773175542406316,3.5605,95.0
101,400,0.9097,4.8019,16,89.11715000000001,0.5273406288980658,0.19364558615609867,3,4,25,0.0016416752136752136,4.6578,95.0
102,400,0.911,4.8987,16,84.41745,0.32619891874233203,0.3255333311160417,0,6,31,0.00138616298811545,4.6245,95.0
103,400,0.8852,4.7756,16,80.97194999999999,0.18305403398674625,0.4611612631634713,5,5,31,0.001316680452164323,4.6415,95.0
104,400,0.8916,4.7135,16,77.59684999999999,-0.09925696570975773,0.6741971496870333,1,7,25,0.0015977966101694914,4.5176,95.0
105,400,0.9432,4.7863999999999995,16,75.03614999999999,-0.1764351244532003,0.7785230100437579,4,5,31,0.0013084745762711864,4.6339,95.0
106,400,0.8522,4.624099999999999,16,72.63175000000001,-0.15926098800082977,0.6968493757848226,4,7,25,0.0016224912280701752,4.5238,95.0
107,400,0.8685,4.819100000000001,16,70.65960000000001,-0.13051456143832318,0.7113697601166086,2,6,31,0.001295456989247312,4.5993,95.0
108,400,0.9054,4.681,16,69.0137,-0.14611355566601925,0.7444164612846527,6,6,31,0.001324561403508772,4.5776,95.0
109,400,0.8588,4.6434,16,67.70255,-0.20901669016907864,0.7027230927611996,6,9,25,0.0015478,4.5401,95.0
110,400,0.9343,4.7033,16,66.27315,-0.1780420036392485,0.7704694089173014,5,7,31,0.0012749525616698291,4.5641,95.0
111,400,0.7987,4.7991,16,64.8965,-0.04965831160222545,0.649521741849684,4,5,31,0.0013231596360628619,4.6476,95.0
112,400,0.9293,4.6253,16,63.88375,-0.2460175979498319,0.765951198989866,9,6,25,0.0016229122807017544,4.559,95.0
113,400,0.9657,4.6201,16,62.696200000000005,-0.2833484879514063,0.798947283738819,9,7,25,0.0015400333333333333,4.5371,95.0
114,400,0.8708,4.9021,16,62.1887,-0.11941753574596059,0.7134224622915658,7,4,31,0.0013994005138452754,4.8096,95.0
115,400,0.9051,5.372199999999999,16,60.89895,-0.2063147581754442,0.7441468043867633,4,3,31,0.001481169010201268,5.2223,95.0
116,400,0.9043,4.6772,16,60.16405,-0.11001963346637345,0.7434277984200723,5,7,31,0.0013119775596072932,4.5664,95.0
117,400,0.9211,4.6861999999999995,16,59.481049999999996,-0.12791661962829415,0.7585511087561203,10,7,31,0.0012597311827956988,4.5835,95.0
118,400,0.7941,4.7321,16,59.2827,-0.03910866576696659,0.6454760431539395,2,8,31,0.0013159343715239155,4.5572,95.0
119,400,0.8153,4.646199999999999,16,58.572900000000004,-0.16672145425405555,0.6641524275320881,10,9,25,0.001616069565217391,4.579,95.0
120,400,0.9229,4.7642,16,57.822,-0.14453364125444157,0.7601744793444463,7,5,31,0.0013024056861673044,4.6521,95.0
121,400,0.8134,5.0042,16,57.54665,-0.053408696548147505,0.6624753682710655,0,6,31,0.001334097573980272,4.6254,95.0
122,400,0.9224,4.6757,16,57.398250000000004,-0.14133802417545327,0.7597234844466325,5,9,31,0.001300250278086763,4.5623,95.0
123,400,0.9583,4.6712,16,57.0536,-0.1613692780195335,0.792219821309069,5,7,31,0.0013217883418222976,4.5572,95.0
124,400,0.877,4.7135,16,56.7391,-0.08829071672105615,0.7189605390427813,7,5,31,0.0013107619577308119,4.6183,95.0
125,400,0.9244,4.68,16,56.7321,-0.1320750868721775,0.7615277346663987,8,7,31,0.0012793876435210497,4.5718,95.0
126,400,0.9064,4.6878,16,56.2915,-0.11413748362927201,0.7453154344712309,8,8,31,0.0012395029085140138,4.564,95.0
127,400,0.9824,4.7019,16,56.5139,-0.1946619213100561,0.814166169057007,9,9,31,0.001285374521596501,4.6006,95.0
128,400,0.8792,4.674300000000001,16,56.30075,-0.08477628116936975,0.720927314338794,8,6,31,0.0013111640953716692,4.5876,95.0
129,400,0.8685,4.668200000000001,16,55.60335,-0.07344971899815789,0.7113697601166086,10,8,31,0.0012548924731182797,4.5654,95.0
130,400,0.9264,4.8875,16,57.492149999999995,-0.16558194829178552,0.7633327067306117,6,5,31,0.0013709677419354838,4.7872,95.0
131,400,0.833,4.8309999999999995,16,59.1899,-0.07873233037477878,0.679806217987407,4,5,31,0.0012669813794912142,4.6498,95.0
132,400,0.9312,4.744800000000001,16,61.3985,-0.1920384515003245,0.7676675865384619,10,7,31,0.001286202222824614,4.6435,95.0
133,400,0.8119,4.9058,16,62.9952,-0.08876388281183267,0.6611518242021217,0,6,31,0.001352577888061759,4.5843,95.0
134,400,0.9047,4.954,16,64.60485,-0.19931091436173676,0.7437872870232987,5,4,31,0.0013658671078025915,4.8217,95.0
135,400,0.9449,4.6537,16,66.33144999999999,-0.24022020469868766,0.7800629696454703,7,10,31,0.0012941323692992213,4.5583,95.0
136,400,0.9183,4.7646,16,67.57445,-0.20108270152830332,0.756027026944087,6,5,31,0.0013136476426799007,4.6444,95.0
137,400,0.7826,4.6832,16,68.83175,-0.07792551919870794,0.6353780653806493,8,6,31,0.0012802624384909787,4.5759,95.0
138,400,0.8777,4.8222000000000005,16,70.28875,-0.17080783955290335,0.7195862373161046,1,6,31,0.0013182613449972665,4.572,95.0
139,400,0.8416,4.6488000000000005,16,71.27195,-0.1260109715853095,0.6874320410101253,9,6,31,0.0013040112201963537,4.5688,95.0
140,400,0.8795,4.9159,16,72.57915,-0.20102641447985858,0.7211955780254844,5,7,31,0.001321478494623656,4.7737,95.0
141,400,0.9567,4.9647,16,73.61195000000001,-0.2800940445264861,0.7907665435031003,0,4,25,0.0017419999999999998,4.7534,95.0
142,400,0.8869,5.055700000000001,16,74.57,-0.2181353116006599,0.7278178467510346,5,3,25,0.0016852333333333335,4.9423,95.0
143,400,0.9918,4.6424,16,76.07575,-0.3473150225676518,0.8227548723062295,2,7,13,0.003000904977375566,4.5399,95.0
144,400,0.871,4.771,16,77.09705,-0.13421513686360076,0.6944365837867831,5,5,31,0.0013042646254784035,4.6348,95.0
145,400,0.9583,4.9887999999999995,16,78.06215,-0.15467106027124278,0.6931654099657374,9,5,31,0.0014116581777023202,4.9056,95.0
146,400,0.8356,4.7554,16,78.84530000000001,0.01550978024391414,0.5474787401590594,7,4,25,0.0016397931034482758,4.6638,95.0
147,400,0.9233,4.7232,16,80.6208,0.0538869703136603,0.5019534499001016,8,5,31,0.0013248807854137447,4.6372,95.0
148,400,0.8286,4.6011,16,80.76044999999999,0.11089419515544308,0.4392882971044839,5,6,7,0.005816814159292035,4.544,95.0
149,400,0.8282,4.7669,16,82.37270000000001,0.20304799443868793,0.3675919700531435,4,5,31,0.0013256117908787542,4.6395,95.0
150,400,0.9494,4.6871,16,82.96815000000001,0.1903800437690628,0.39957985847562294,9,5,25,0.0015494545454545455,4.588,95.0
151,400,0.8754,4.662699999999999,16,84.82415,0.27606056741517515,0.29800835407919557,8,7,31,0.0012746582832148714,4.5562,95.0
152,400,0.9372,4.8136,16,85.3298,0.3360736161226321,0.3036831502876707,5,3,19,0.0021840290381125228,4.7305,95.0
153,400,1.0161,4.6192,16,86.00274999999999,0.3385773463382501,0.3082181022185888,7,6,13,0.003036949375410914,4.5595,95.0
154,400,0.8883,5.4013,16,86.26615000000001,0.3635552945897307,0.2583150456722434,2,2,19,0.0023301553062985334,5.2296,95.0
155,400,0.947,4.6951,16,87.56995,0.45356068335378297,0.23997855084082834,5,4,7,0.005684140435835351,4.6365,95.0
156,400,0.8786,4.7029000000000005,16,88.78415000000001,0.4418778513889643,0.1933952534828255,2,6,25,0.0015676333333333335,4.5289,95.0
157,400,0.9019,4.6406,16,89.04905,0.4656454047437817,0.19327595405562514,5,6,19,0.0020019844693701465,4.5282,95.0
158,400,0.7308,5.0550999999999995,16,90.25954999999999,0.5239321952743689,0.13466515236408835,3,3,25,0.001758295652173913,4.9349,95.0
159,400,0.9377,4.7608,16,90.6522,0.49687517998591424,0.16903054770558865,7,4,25,0.0016138305084745762,4.6697,95.0
160,400,0.7739,5.2814000000000005,16,91.37385,0.5179080695020319,0.12668761781931964,0,3,25,0.001745917355371901,4.9621,95.0
161,400,4.6918,4.1096,14,92.55265,0.9292498781385873,-0.20196042671380088,5,7,19,0.001833006244424621,4.0293,95.0
162,400,0.8858,4.619,16,93.3335,0.573832131697758,0.11819465415993553,5,7,13,0.003089632107023411,4.5568,95.0
163,400,5.46,4.263599999999999,14,94.17009999999999,0.9586837563319089,-0.2620323419277042,10,5,31,0.0011273400317292437,4.1541,95.0
164,400,4.3161,4.2839,14,94.75115,1.4044415499630583,-0.6939619941016517,9,5,31,0.0012121958121109225,4.205,95.0
165,400,0.8788,4.636299999999999,16,95.1106,0.5439764223924545,0.09751849827808386,6,7,25,0.001545433333333333,4.5333,95.0
166,400,9.0614,2.948,9,96.13274999999999,3.235326463915629,-2.399331992754419,7,6,31,0.0007991325562483058,2.8687,95.0
167,400,3.8105,6.6219,14,95.9853,1.4052966177995878,-0.8486066281993921,6,1,31,0.0018257237386269645,6.5117,95.0
168,400,0.8994,4.6951,16,96.82595,0.5295921793524536,0.10001634665135531,5,4,19,0.002112055780476833,4.6089,95.0
169,400,0.8371,4.774,16,97.3197,0.48989289699846555,0.09249356611233125,6,4,25,0.0016462068965517242,4.6747,95.0
170,400,1.1311,4.7749999999999995,16,98.0504,0.45900631278007875,0.12883148344551829,1,4,13,0.003250510551395507,4.6476,95.0
171,400,9.1041,3.8024,12,98.5598,0.8243335010302294,-0.22981736723297796,10,6,31,0.0010053939714436805,3.7016,95.0
172,400,9.1257,3.4733,10,99.08914999999999,2.284434958911139,-1.6448170241796674,6,5,25,0.0011773898305084745,3.3964,95.0
173,400,9.0741,3.5787,9,98.85085000000001,3.067450881428374,-2.3914271925968706,1,9,31,0.0010038429172510518,3.4467,95.0
174,400,3.8183,5.0013,14,98.7833,1.4005477569166724,-0.84690884777946,10,2,19,0.002193552631578947,4.9159,95.0
175,400,0.9303,5.9475,16,99.03905,0.366416418532703,0.10378246819180179,4,9,19,0.002770144387517466,5.865,95.0
176,400,8.1958,4.7148,12,98.79225,1.3326282327731098,-0.7505607041735254,1,4,25,0.001533268292682927,4.5098,95.0
177,400,4.4053,5.8558,14,98.84315000000001,1.1820253157181515,-0.7112318610558018,0,4,31,0.001587367850365953,5.5496,95.0
178,400,4.6256,8.735,14,98.8075,0.9673039860477417,-0.6560585651247063,7,0,31,0.0023879168944778567,8.5878,95.0
179,400,8.3358,4.7124,12,98.94015,1.2703640593720533,-0.6763318446729851,0,10,19,0.0021948765719608755,4.5854,95.0
180,400,1.1445,5.934,16,98.91735,0.3669940188904255,0.1305391586803946,7,8,13,0.003935013262599469,5.853,95.0
181,400,1.0281,6.8193,16,98.9208,0.2926229890763713,0.1158570002511433,0,4,25,0.0023719304347826087,6.5988,95.0
182,400,0.8185,6.2946,16,98.8731,0.37578977049052376,0.09026570922821105,4,5,19,0.002831578947368421,6.157,95.0
183,400,8.828,5.790699999999999,12,98.8912,0.9115882733665897,-0.39823016501866526,6,7,31,0.0016243197755960728,5.6511,95.0
184,400,9.1741,4.7294,10,98.91544999999999,2.2266480332375194,-1.6141924842657072,4,4,25,0.0015764666666666666,4.5968,95.0
185,400,0.8368,6.3242,16,98.86574999999999,0.3953719345166214,0.09245756713961627,8,6,13,0.004193766578249337,6.2282,95.0
186,400,9.3027,5.0512999999999995,10,98.9964,2.111509380697143,-1.5313672892721955,10,6,31,0.0014169144460028048,4.9209,95.0
187,400,9.0118,5.8162,9,98.92314999999999,2.9847917655322878,-2.4300126641948974,6,0,25,0.001922710743801653,5.6767,95.0
188,400,4.7771,5.432799999999999,14,98.80205000000001,1.1804084714726095,-0.6166803870870987,5,5,13,0.003453782581055308,5.3004,95.0
189,400,0.8891,6.9709,16,99.0369,0.31349606811720515,0.09876613607326219,10,5,19,0.0031092328278322927,6.8251,95.0
190,400,0.9257,7.0188999999999995,16,99.0134,0.2911128106052603,0.10322034021241833,2,6,25,0.0024627719298245614,6.8621,95.0
191,400,1.0312,6.6418,16,98.91615,0.34955201343453907,0.11624360596020966,5,8,13,0.004481646423751687,6.5261,95.0
192,400,1.6038,6.0072,15,98.9716,1.0075684643746101,-0.5223592485493531,7,7,19,0.0027492906178489705,5.876,95.0
193,400,0.8361,8.8383,16,98.8694,0.1749497554219191,0.09237357793589893,10,8,31,0.0023179386309992132,8.5378,95.0
194,400,5.0404,6.3431,14,99.0412,1.0380002230414307,-0.5453389348562725,5,5,13,0.004206299734748011,6.2547,95.0
195,400,9.225,5.437399999999999,10,98.85884999999999,2.149801451827015,-1.5816646822880331,4,4,25,0.0017974876033057848,5.2612,95.0
196,400,4.8159,6.671600000000001,14,99.02515,1.0191596657919801,-0.6064020274055579,9,7,31,0.0018238381629305633,6.4553,95.0
197,400,1.1224,6.1027,16,98.91085,0.3905787127669712,0.12772521667240794,8,7,7,0.007515640394088669,6.0329,95.0
198,400,4.5853,6.3597,14,98.90275,1.10870333573837,-0.6663340618603574,9,7,31,0.00175343258891646,6.1582,95.0
199,400,4.748,6.6591,14,98.77965,1.0692268702293597,-0.6243369831982314,9,4,31,0.0017607350608143837,6.4361,95.0
200,400,0.8363,4.603700000000001,16,94.62185,0.5794932706381255,0.09632906982631781,8,8,13,0.0030793979933110374,4.5448,95.0
201,400,0.9119,4.9054,16,89.38765000000001,0.43459320985010913,0.18845600527734013,6,4,31,0.0013759887798036466,4.8055,95.0
202,400,0.8795,4.8008999999999995,16,84.78655,0.283486538052186,0.3007740732508501,5,5,31,0.0012905645161290322,4.6591,95.0
203,400,0.8904,4.676399999999999,16,80.64355,0.0699615054505433,0.48122151465488433,9,5,25,0.0016408421052631576,4.6099,95.0
204,400,0.8807,4.617900000000001,16,76.52674999999999,-0.2619285545806881,0.7222687937449457,6,6,19,0.0020253947368421054,4.5334,95.0
205,400,0.8147,4.660200000000001,16,74.3929,-0.2127708369115553,0.6636227610214102,8,8,31,0.001295939933259177,4.5707,95.0
206,400,0.9747,4.8025,16,72.00534999999999,-0.3749214279977656,0.8071427625677152,8,6,31,0.0012803252466009065,4.683,95.0
207,400,0.8281,4.9664,16,70.05555000000001,-0.2566386638801036,0.6754671343920129,6,4,31,0.0013576817933296883,4.8432,95.0
208,400,0.911,4.718100000000001,16,68.56139999999999,-0.31713699172631776,0.7494530276719793,5,6,31,0.0013350594227504247,4.6035,95.0
209,400,0.924,4.7783,16,66.89775,-0.33304592431087254,0.761166826884129,7,5,31,0.0013062602515035537,4.6642,95.0
210,400,0.8316,4.7517000000000005,16,66.2488,-0.2676210998491015,0.678566045878569,4,10,31,0.0012989885183160197,4.5982,95.0
211,400,0.8103,4.7564,16,65.06395,-0.22668940230410334,0.6597404814452612,8,5,31,0.0013113868210642406,4.6513,95.0
212,400,0.9504,5.3469999999999995,16,63.5546,-0.39814360576399,0.7850487806053719,6,3,31,0.0014742211193824095,5.2265,95.0
213,400,0.9568,4.806900000000001,16,62.32,-0.35188260535421095,0.79085735974213,4,6,31,0.0013483590462833102,4.6832,95.0
214,400,0.9176,4.9325,16,61.6321,-0.32359861503028725,0.7553962273173189,5,4,31,0.0013835904628330996,4.8213,95.0
215,400,0.8778,4.814900000000001,16,60.614000000000004,-0.27121210163204945,0.7196756299347737,1,9,31,0.0013275158533223052,4.5707,95.0
216,400,0.9437,4.8557,16,59.988600000000005,-0.3288689162179431,0.7789758849881325,4,5,31,0.0013274193548387097,4.7021,95.0
217,400,0.966,4.8219,16,59.195449999999994,-0.4239235934395076,0.799220228764112,7,4,25,0.0015940165289256198,4.7111,95.0
218,400,0.8952,4.7091,16,58.78715,-0.2708295435536729,0.735257197329299,7,8,31,0.001287342810278841,4.5952,95.0
219,400,1.0052,4.7604,16,58.34245,-0.36981038533591254,0.8350262917211732,3,8,31,0.0013238042269187987,4.6141,95.0
220,400,0.8886,4.6739,16,58.34735,-0.25949909655746173,0.7293405636661368,8,8,31,0.0012777200656096228,4.567,95.0
221,400,0.8877,5.1454,16,57.774950000000004,-0.28216164044161646,0.7285343549256407,1,4,31,0.001371740869101573,4.8574,95.0
222,400,0.9354,4.6891,16,57.7466,-0.29560826152149605,0.7714640215906456,5,8,31,0.001281875341716785,4.5537,95.0
223,400,0.889,4.6828,16,57.1008,-0.2507423778079985,0.7296989252455022,4,9,31,0.001325070741369553,4.5528,95.0
224,400,0.8322,4.6613,16,56.7983,-0.1926928970636571,0.6790975056910248,8,6,31,0.0013075175315568023,4.5739,95.0
225,400,0.7688,4.6408000000000005,16,55.8694,-0.3107613188155366,0.6232911095919852,5,5,19,0.002142566943674977,4.5594,95.0
226,400,0.9164,4.8139,16,56.01565,-0.2736863087598502,0.7543150619677943,5,5,31,0.0012940591397849464,4.6685,95.0
227,400,0.8966,4.8304,16,56.25985,-0.27557475760717876,0.7365132451830442,9,9,31,0.0013549509116409536,4.7488,95.0
228,400,0.9747,4.7949,16,55.672799999999995,-0.32379246432224773,0.8071427625677152,7,5,31,0.001278299120234604,4.6642,95.0
229,400,0.7945,4.8017,16,55.3022,-0.15757879053730223,0.6458276953032899,3,5,31,0.001335289210233593,4.6554,95.0
230,400,0.8261,4.6998999999999995,16,57.59515,-0.19616153144674142,0.6736973015284267,4,7,31,0.0013183450210378681,4.5745,95.0
231,400,0.7411,4.764,16,59.25075,-0.22068153524073458,0.5991300647341644,9,4,25,0.0016287179487179488,4.6816,95.0
232,400,0.7764,4.7656,16,61.01755,-0.178636682924108,0.6299435666651212,6,5,31,0.0013027884089666486,4.6426,95.0
233,400,0.8817,4.974,16,63.10665,-0.3027687668698002,0.7231633369550341,7,4,31,0.0013597594313832697,4.8608,95.0
234,400,0.9333,4.7863,16,64.47030000000001,-0.3338131201561293,0.7695654054388792,2,6,31,0.0013543576683644595,4.6109,95.0
235,400,0.859,4.7868,16,66.4748,-0.28207732194276636,0.7029012052471356,4,7,31,0.0012867741935483872,4.6257,95.0
236,400,1.0034,4.673,16,67.74775,-0.45393758528754347,0.8333759793302076,3,6,25,0.0016396491228070176,4.5574,95.0
237,400,0.9597,5.0731,16,68.80275,-0.4353760054205168,0.7934918209306724,10,3,25,0.001649788617886179,4.9739,95.0
238,400,0.8127,4.8088999999999995,16,70.36505,-0.2290305036085003,0.6618576649597487,5,5,31,0.0013146254784034991,4.6731,95.0
239,400,0.986,5.0799,16,71.2153,-0.3938330409736319,0.8174535520145778,1,4,31,0.001388709677419355,4.8293,95.0
240,400,1.0004,5.0206,16,72.69829999999999,-0.4272480089800525,0.8306267785853092,5,3,25,0.0017616140350877193,4.9296,95.0
241,400,0.9449,5.2997000000000005,16,74.07055,-0.3528616796464427,0.7800629696454703,9,3,31,0.0014737764182424918,5.2167,95.0
242,400,1.0145,5.6521,16,74.5986,-0.4419621455882095,0.8435623767218723,5,2,25,0.0019659478260869567,5.5597,95.0
243,400,0.9051,4.6735,16,75.84665,-0.2608898493655268,0.7441468043867633,9,6,31,0.0012885304659498208,4.5741,95.0
244,400,0.9392,4.718800000000001,16,77.02629999999999,-0.2804968128657639,0.7599929131321387,5,7,31,0.0012899945325314383,4.5829,95.0
245,400,0.8316,4.7067,16,78.0078,-0.10285875776217668,0.5972886804339763,6,4,19,0.002064342105263158,4.6224,95.0
246,400,0.8337,4.8582,16,78.6343,-0.047030917368795166,0.5589738158223668,0,6,31,0.0013510011123470523,4.5865,95.0
247,400,0.8518,4.6956,16,80.30895000000001,0.04956506958944529,0.4757569666690611,4,7,31,0.0013171388499298737,4.5716,95.0
248,400,0.9406,4.723,16,81.54275,0.053849412537219477,0.46278499459006367,3,8,25,0.0015359349593495936,4.543,95.0
249,400,0.8404,4.779599999999999,16,82.9007,0.19068807261557547,0.3523654820218299,3,7,31,0.0013066156369600872,4.6038,95.0
250,400,0.9455,4.5878,16,83.65385,0.2268900719912429,0.36882998224385954,9,6,19,0.0020462979482604817,4.5221,95.0
251,400,0.473,4.3644,15,84.6439,0.8349446005133205,-0.14909511541563242,5,2,1,0.039318918918918914,4.3096,95.0
252,400,0.9581,4.6212,16,85.32525,0.29744514695409724,0.3112815153001974,3,8,13,0.003064456233421751,4.5405,95.0
253,400,0.7843,4.6895999999999995,16,86.53739999999999,0.4123816456362094,0.21900234440179156,4,5,25,0.0016600353982300883,4.5923,95.0
254,400,0.8948,4.7796,16,87.18105,0.37437137311104385,0.23540902492366797,5,5,31,0.0012848387096774194,4.6375,95.0
255,400,1.04,4.605,16,88.53365,0.4424712762526879,0.23928166948597782,7,7,7,0.005770676691729324,4.5484,95.0
256,400,0.885,4.6664,16,89.5663,0.45468658633955766,0.17883532813349706,4,6,25,0.0015818305084745765,4.5461,95.0
257,400,0.9393,5.6368,16,89.3566,0.4264968682699125,0.195334826569826,7,2,25,0.0019778245614035087,5.5606,95.0
258,400,1.1217,4.7474,16,90.59035,0.4569151658317162,0.20749278817514785,8,4,25,0.0016370344827586207,4.6621,95.0
259,400,0.7629,4.087999999999999,15,90.7586,1.1931293527779887,-0.4138704955953172,0,6,1,0.03617699115044247,4.0257,95.0
260,400,1.0159,4.755199999999999,16,91.8755,0.5516732138612093,0.16133051404536908,1,4,13,0.0031533156498673737,4.6442,95.0
261,400,0.7501,4.5582,16,92.7091,0.561021084316964,0.10573255122523029,8,7,19,0.0020861327231121284,4.4932,95.0
262,400,1.1064,4.6875,16,93.40459999999999,0.5914684841034434,0.14985463594977796,7,4,7,0.0058740601503759395,4.6305,95.0
263,400,0.8611,4.7207,16,93.99995000000001,0.6029374622749276,0.10649227348350179,3,5,13,0.0030260897435897436,4.6089,95.0
264,400,3.9034,4.1343,14,94.28569999999999,1.5051165171742307,-0.7228263707639064,2,6,7,0.005047985347985348,4.0736,95.0
265,400,0.7454,4.6270999999999995,16,95.3656,0.6002619809944953,0.08158984277390029,7,7,13,0.0030683687002652517,4.5679,95.0
266,400,8.3164,3.8407,13,95.8236,0.7141009764784378,0.027543403877051897,10,7,19,0.0017577574370709382,3.7814,95.0
267,400,0.8835,4.671,16,97.055,0.5102680712504792,0.09808748992405114,3,5,19,0.002083407671721677,4.5578,95.0
268,400,8.8358,3.7003999999999997,12,97.38175000000001,1.0625924110674192,-0.39359893839446247,10,6,31,0.0010115910333515581,3.6159,95.0
269,400,9.6202,2.6227,9,97.73939999999999,2.833413755332096,-2.031807512328144,4,10,1,0.024061467889908258,2.5851,95.0
270,400,4.0808,4.2605,14,98.56479999999999,1.2428339860522037,-0.7881998000117663,5,10,31,0.0011647074904319302,4.1363,95.0
271,400,0.9115,4.9892,16,99.0727,0.3601282239667321,0.10148833429229047,5,6,19,0.0022833867276887874,4.9059,95.0
272,400,9.1617,3.5498,10,98.79605000000001,2.2929563193250884,-1.6220667083936795,0,6,19,0.0016246224256292905,3.4147,95.0
273,400,4.3892,4.9208,14,98.88685000000001,1.244244496900544,-0.7151695249671148,2,5,19,0.0021056054771074026,4.7606,95.0
274,400,2.0776,4.8678,15,98.5823,1.0762197186485865,-0.4528390501119002,1,6,1,0.041605128205128204,4.798,95.0
275,400,4.4992,5.12,14,98.94284999999999,1.1723589374762056,-0.6880118835141865,10,5,31,0.0013996719518862767,4.9917,95.0
276,400,4.796,6.181,14,98.91905,1.0737048073071358,-0.6116836233766411,4,1,25,0.0021499130434782607,6.0714,95.0
277,400,0.9183,6.0495,16,98.84315000000001,0.3739281509021904,0.10231713182601222,6,6,19,0.0026532894736842104,5.9202,95.0
278,400,9.4218,4.2344,10,98.82705,2.1232257796342346,-1.452737152523163,6,4,13,0.0028572199730094467,4.1629,95.0
279,400,0.9931,5.7242,16,98.81135,0.4195908374607338,0.11150868691669305,5,5,7,0.0073012755102040815,5.6498,95.0
280,400,0.7577,6.2585,16,98.9727,0.39392018174731225,0.08304080572769451,8,2,13,0.003978703115066751,6.1411,95.0
281,400,0.9218,6.1841,16,98.95179999999999,0.3829768202893933,0.10274415837864306,5,4,13,0.004136521739130435,6.1003,95.0
282,400,4.3403,5.3086,14,98.84045,1.31157399191006,-0.7270518179742209,0,10,7,0.006652380952380953,5.2221,95.0
283,400,8.5433,5.4856,12,98.95855,1.0966546823516659,-0.5624192971961239,1,4,25,0.0018915862068965518,5.3176,95.0
284,400,4.9014,6.3232,14,98.78365,1.0769089787779582,-0.5834690373600968,8,3,19,0.002893913043478261,6.1807,95.0
285,400,4.122,5.8838,14,98.87815,1.266216942468572,-0.7787022011718226,2,4,25,0.0020115555555555555,5.7175,95.0
286,400,0.9116,6.2434,16,99.07505,0.3691797581070167,0.10150051432701891,4,5,13,0.0041761872909699,6.1367,95.0
287,400,4.9605,5.9729,14,98.79825,1.0574479233895584,-0.5673863291064483,4,4,25,0.00202471186440678,5.7931,95.0
288,400,0.8362,6.2423,16,98.91505000000001,0.365709390316285,0.09238557567367733,6,6,19,0.0028322595281306717,6.1052,95.0
289,400,4.1606,7.676,14,98.8143,1.1423665516306838,-0.7697326764686425,9,7,31,0.002063440860215054,7.4363,95.0
290,400,0.9757,6.3284,16,98.95304999999999,0.3439615582687432,0.10935825516145463,6,6,19,0.0029216989843028627,6.2013,95.0
291,400,0.7827,6.2476,16,99.00110000000001,0.38285140519617455,0.08600094048697278,6,4,13,0.004004871794871795,6.1031,95.0
292,400,4.747,7.7813,14,98.9205,0.9813620312975115,-0.6245993053166474,0,7,31,0.002109325020330713,7.4734,95.0
293,400,0.9549,8.5549,16,98.93945,0.17545438242633005,0.10679742462207173,6,8,31,0.0022806984804052254,8.2669,95.0
294,400,4.8159,6.3530999999999995,14,98.91005,1.0468026105068078,-0.6064020274055579,7,6,31,0.0017367687260798248,6.1392,95.0
295,400,0.9563,6.3864,16,98.92320000000001,0.3495879888006297,0.10696945403135776,3,4,19,0.002948476454293629,6.2553,95.0
296,400,0.9453,6.4091,16,98.82215,0.3560608279169336,0.10561909108966896,5,6,19,0.002883085919928025,6.2757,95.0
297,400,7.7451,6.4113,13,98.78790000000001,0.7607221612274572,-0.2616010220360967,7,3,19,0.0027658757549611735,6.2263,95.0
298,400,0.9161,6.371,16,98.9538,0.37478122708834455,0.1020488680930177,3,7,13,0.004153194263363755,6.269,95.0
299,400,4.3155,6.3755,14,98.81135,1.220050592587486,-0.7330337440705245,5,7,19,0.0027962719298245614,6.2214,95.0
300,400,9.0056,3.7174,12,94.99924999999999,1.0444780003687375,-0.29063909671919763,10,6,31,0.0009829190904283448,3.6202,95.0
301,400,9.3569,3.3382,10,89.59295,-1.2116659201791053,2.0533502655144593,4,4,25,0.0011611130434782608,3.2641,95.0
302,400,0.9353,4.679600000000001,16,85.54230000000001,0.28947223069769906,0.2959953106500705,4,7,25,0.0015218211382113823,4.5258,95.0
303,400,0.8404,4.8374999999999995,16,81.34025,0.12828807240402074,0.4184759208004617,6,5,31,0.0013224439584472389,4.7136,95.0
304,400,0.9311,4.6578,16,76.9207,-0.280318832695143,0.7616205543754343,4,6,25,0.0016061379310344827,4.5338,95.0
305,400,0.9043,4.7254,16,74.56025,-0.27151866113577844,0.7434277984200723,7,5,31,0.0013371250707413693,4.6301,95.0
306,400,0.8967,4.6768,16,72.28540000000001,-0.35784928780781977,0.7366029763452564,4,5,19,0.002051228070175439,4.5733,95.0
307,400,0.941,4.781,16,69.738,-0.38809226899622296,0.7765308982160801,10,4,25,0.0016629565217391304,4.7116,95.0
308,400,0.8332,4.7497,16,68.34875,-0.26643471467000535,0.6799834137800193,9,8,31,0.0012662490002665954,4.6376,95.0
309,400,0.9048,4.7409,16,66.5689,-0.3196895401165041,0.7438771636678021,4,8,31,0.001263902959210877,4.5641,95.0
310,400,0.9185,4.674300000000001,16,65.80765,-0.3278146998799909,0.7562072716300344,6,8,31,0.0012998609566184651,4.5711,95.0
311,400,1.009,4.7279,16,64.2332,-0.4007489776007962,0.8385122361939906,9,5,31,0.0013378324844368988,4.6444,95.0
312,400,1.0338,4.6395,16,63.08195,-0.49399962547060994,0.8613277926907117,6,9,25,0.0015998275862068965,4.5393,95.0
313,400,0.8005,5.0169,16,62.11475,-0.30071082138143446,0.6511058547999728,5,3,25,0.0017758938053097344,4.9293,95.0
314,400,0.8512,4.7603,16,61.12265,-0.24838391366493945,0.6959600948407246,5,7,31,0.001248439548911618,4.6008,95.0
315,400,0.976,4.8107999999999995,16,60.179,-0.43510841658739347,0.8083277737307581,5,4,25,0.0016170756302521007,4.7002,95.0
316,400,0.841,4.6951,16,60.128600000000006,-0.2308441598910297,0.6868995811134373,10,7,31,0.0012835155822854018,4.5959,95.0
317,400,0.9485,4.6904,16,59.23235,-0.32738724349487786,0.7833257894577933,10,9,31,0.0012931899641577063,4.5932,95.0
318,400,1.0368,4.7054,16,59.45675,-0.40009623956359086,0.8640954195713615,6,6,31,0.0013085094549499445,4.602,95.0
319,400,0.9273,4.7647,16,58.22315,-0.2963266106191272,0.7641451797382004,7,5,31,0.0013136752136752138,4.6535,95.0
320,400,0.873,4.7814000000000005,16,57.99305,-0.24774683635643968,0.7153868002976443,8,5,31,0.0012642517186673718,4.6596,95.0
321,400,0.9617,4.702800000000001,16,57.356899999999996,-0.3189292613274951,0.7953095811868591,6,8,31,0.0012856205576817934,4.5791,95.0
322,400,0.8981,4.8645,16,57.64935,-0.2803027362951583,0.737859401069886,3,8,31,0.0013527530589543936,4.7188,95.0
323,400,0.8951,4.7251,16,57.0333,-0.25658450016002987,0.7351674930823976,8,6,31,0.001249365415124273,4.6025,95.0
324,400,0.9108,4.8457,16,56.703649999999996,-0.27563853649163467,0.7492730531503868,1,7,31,0.001359242636746143,4.6443,95.0
325,400,0.8374,4.993099999999999,16,56.36685,-0.22830498127065696,0.6837061631834462,10,4,31,0.0013094938368738525,4.8786,95.0
326,400,0.8123,4.7938,16,55.9288,-0.1819997209655414,0.66150473046412,8,5,31,0.001310497539639147,4.6857,95.0
327,400,0.8912,4.8353,16,55.9848,-0.25439103185812956,0.7316704264710733,5,5,31,0.0013218425369054129,4.699,95.0
328,400,0.925,4.8022,16,55.74745,-0.2826010357421281,0.7620691504788574,5,7,31,0.0013240143369175627,4.6674,95.0
329,400,0.8568,4.8383,16,55.428250000000006,-0.21672401898390325,0.7009423596944517,1,8,31,0.0013454671857619578,4.6288,95.0
330,400,0.9176,4.7195,16,57.3682,-0.2882220458489834,0.7553962273173189,9,9,31,0.0013238429172510518,4.6392,95.0
331,400,0.8736,4.7898,16,59.44114999999999,-0.3394106884988876,0.7159226788657508,7,4,25,0.0016375384615384613,4.6955,95.0
332,400,0.8694,4.7192,16,61.254599999999996,-0.264721715997238,0.7121728789519555,7,7,31,0.0012792626728110599,4.6019,95.0
333,400,0.8119,4.714300000000001,16,62.935900000000004,-0.2232072530716629,0.6611518242021217,8,7,31,0.0012997794320374967,4.6093,95.0
334,400,0.8982,5.0167,16,64.77625,-0.3140685447519319,0.7379491591554852,0,5,31,0.0013714324767632585,4.6882,95.0
335,400,0.9196,4.6815,16,66.37335,-0.33896711655897144,0.757198746288007,9,9,31,0.0013247028862478777,4.5981,95.0
336,400,0.9855,5.2235,16,67.4366,-0.5272698663971278,0.8169968294958831,9,2,19,0.0023497525865946917,5.1601,95.0
337,400,0.8826,5.4448,16,68.483,-0.34562888577805667,0.7239685788252798,7,3,31,0.0014396615547329454,5.3151,95.0
338,400,0.9378,4.9663,16,69.90584999999999,-0.35540948283157103,0.7736348452770142,6,4,31,0.0013576544559868783,4.8433,95.0
339,400,0.9008,4.810099999999999,16,71.29455,-0.30311990581140186,0.7402834995941596,1,6,31,0.0013376251390433815,4.603,95.0
340,400,0.9067,4.6986,16,72.22465,-0.36984780947773743,0.7455851614890294,4,5,19,0.0020270060396893872,4.5718,95.0
341,400,0.9048,4.8242,16,73.42445000000001,-0.31835784967628705,0.7438771636678021,8,4,25,0.0016779826086956522,4.7514,95.0
342,400,0.8609,4.887700000000001,16,74.57355,-0.2585513833277503,0.7045936292453242,1,7,31,0.0012818515604510886,4.591,95.0
343,400,0.9006,4.6328,16,76.26055,-0.287641462349779,0.7401038918463552,10,7,25,0.0015572436974789915,4.553,95.0
344,400,0.8737,4.6341,16,77.34725,-0.2126790499054066,0.6778347561011476,8,8,25,0.0015708813559322035,4.5493,95.0
345,400,0.9467,4.787,16,78.46175,-0.14429265927438395,0.6544925245856441,5,5,31,0.0013198235456299973,4.655,95.0
346,400,0.7547,4.7298,16,79.2941,0.049406463515244636,0.4667225825195466,1,6,25,0.0016451478260869565,4.5622,95.0
347,400,0.8838,4.668,16,80.42835,0.04688154040810438,0.4887844911374562,4,6,25,0.001595897435897436,4.5415,95.0
348,400,0.7916,4.7484,16,81.31535,0.15726881851311114,0.3932827114105917,7,5,31,0.0012980863860032805,4.6327,95.0
349,400,0.9021,4.7231,16,82.42365000000001,0.1729048220527274,0.40118912008863306,1,6,13,0.0030789439374185133,4.6072,95.0
350,400,0.9846,4.6951,16,83.21175,0.15411666482001135,0.40488752720429083,9,6,31,0.0012516928818981604,4.5822,95.0
351,400,0.8754,4.808400000000001,16,84.6242,0.26874639224730296,0.30464725849501456,2,6,31,0.0013144887916894479,4.5989,95.0
352,400,0.7605,4.7863,16,85.62475,0.38733204157360734,0.2342509992101763,5,5,19,0.0021905263157894735,4.7036,95.0
353,400,0.8654,4.6923,16,86.59405,0.4029987436079696,0.2421538144736778,10,4,19,0.0020929081177520075,4.6271,95.0
354,400,0.8327,4.6908,16,87.42535000000001,0.4563712822837619,0.21189458679835005,4,5,13,0.0030578878748370275,4.6178,95.0
355,400,0.8822,4.7885,16,88.11099999999999,0.43052754251123426,0.2092169944357615,9,4,25,0.001623220338983051,4.7087,95.0
356,400,0.8894,4.7347,16,89.185,0.4562249909808209,0.1875216668559214,7,5,25,0.0016468521739130436,4.6559,95.0
357,400,1.0178,4.6177,16,90.2281,0.4790999081549759,0.19384362456571563,7,7,13,0.0031158569500674763,4.5536,95.0
358,400,0.9334,4.748600000000001,16,90.9503,0.5017374645382238,0.16274610245500432,8,4,25,0.0016661754385964914,4.6779,95.0
359,400,4.7399,4.292599999999999,14,91.5847,0.6718514185332047,0.008875608971510518,7,6,31,0.0011257802255441908,4.1678,95.0
360,400,9.1282,3.6907,9,92.31065000000001,1.544763774695606,-0.705174287646845,9,2,25,0.0012405714285714286,3.6334,95.0
361,400,3.4231,4.1819999999999995,14,93.1431,1.3946104764510232,-0.6702522009362168,5,7,19,0.0018974591651542648,4.1057,95.0
362,400,4.4091,4.5609,14,93.4267,1.1459230813601353,-0.4504975487641475,0,4,31,0.0012905772495755518,4.3129,95.0
363,400,9.1443,3.2167,10,94.3394,2.134075139360826,-1.276801643603402,6,5,25,0.0011188521739130435,3.1548,95.0
364,400,1.0468,4.8641,16,95.01735,0.5751921083810088,0.11819274790496409,6,3,19,0.002226132723112128,4.7889,95.0
365,400,0.8238,4.7780000000000005,16,95.406,0.5675648024771808,0.09089968457843285,7,4,25,0.0016335042735042737,4.6836,95.0
366,400,8.7529,3.7233,12,96.44014999999999,1.1499236351352398,-0.44245284973562704,10,6,31,0.0010178512848551121,3.6385,95.0
367,400,0.7558,4.7897,16,97.0279,0.5439711155036167,0.08281644007507968,4,5,13,0.0031761936339522547,4.72,95.0
368,400,5.1172,4.1929,14,97.40880000000001,1.101481413197367,-0.5238122698811605,9,7,31,0.001108646218931782,4.0863,95.0
369,400,9.2961,3.6781,10,97.9743,2.2303239755249367,-1.535670096481994,10,3,31,0.0010317251051893408,3.6154,95.0
370,400,0.8736,4.7539,16,98.6443,0.4184015860754829,0.0968895985198109,5,4,19,0.002034189131364998,4.6411,95.0
371,400,3.8593,4.493399999999999,14,98.90185,1.3245179162045162,-0.8379409364712163,7,6,31,0.001197920554518795,4.3744,95.0
372,400,8.6133,4.351,12,98.68535,1.1076163203899279,-0.5229121603098714,8,9,31,0.0011894477856752323,4.2261,95.0
373,400,8.3013,4.3595999999999995,13,98.8319,0.5990932501488768,0.019468321654746656,1,8,7,0.005560714285714285,4.2978,95.0
374,400,1.0544,5.7622,16,98.86425,0.3635456855256561,0.11914453517129997,7,3,19,0.0026144283121597098,5.6686,95.0
375,400,0.8227,5.8412999999999995,16,98.85165,0.4049699964466396,0.09076804951954279,7,7,13,0.003976378488767869,5.7684,95.0
376,400,8.6939,5.0686,12,99.13915,1.0127782751559196,-0.47673213258442315,6,6,25,0.0016483252032520326,4.9294,95.0
377,400,0.8114,6.3313999999999995,16,98.72045,0.4013473146011623,0.08941747392746732,3,1,13,0.004198541114058355,6.2497,95.0
378,400,4.6635,5.4256,14,99.07839999999999,1.1125183310797864,-0.6463191464295414,7,6,31,0.0014832148715144889,5.2855,95.0
379,400,8.6633,4.7377,12,98.95215,1.0998387567814465,-0.49435221851028954,0,8,13,0.0032539148351648354,4.6039,95.0
380,400,4.2982,5.3936,14,98.7235,1.3060013477046177,-0.7371890868703411,2,5,13,0.003576657824933687,5.3045,95.0
381,400,8.5005,5.4044,12,98.861,1.1399373884142947,-0.5863040210001516,1,4,25,0.001896280701754386,5.2725,95.0
382,400,8.8884,5.5262,12,98.86064999999999,0.8988151392135704,-0.3621784977030349,0,6,25,0.0017971382113821138,5.2588,95.0
383,400,8.7949,4.2631000000000006,11,98.91165000000001,1.7967706288252188,-1.1320887221421754,7,8,7,0.005342230576441103,4.2079,95.0
384,400,7.2933,6.3979,13,98.92455000000001,0.9378228441863967,-0.46798485746853213,4,7,25,0.002168779661016949,6.2442,95.0
385,400,9.2237,4.1113,10,98.87809999999999,2.2696128774603834,-1.582499578544864,5,8,7,0.005152005012531328,4.0576,95.0
386,400,1.1775,6.2481,16,98.99244999999999,0.33857165497497066,0.13476419266307194,3,1,13,0.004143302387267904,6.1482,95.0
387,400,3.6455,5.3902,14,98.82345000000001,1.444370878901273,-0.8839075393782034,5,5,13,0.003637112010796221,5.2708,95.0
388,400,5.2796,5.925,14,98.9962,0.9695021514625692,-0.477188788283856,10,2,19,0.0025353016688061617,5.7527,95.0
389,400,4.282,6.5973,14,99.0034,1.1643888969147018,-0.7410672034074116,9,7,31,0.0018505750350631136,6.4333,95.0
390,400,9.197,3.7279,9,98.96395000000001,3.0032798134548915,-2.313884851957144,8,5,19,0.0016914246823956443,3.6535,95.0
391,400,9.2562,3.6220000000000003,9,98.9288,3.004773970016954,-2.275847626005886,4,1,1,0.032339285714285716,3.5794,95.0
392,400,4.9735,6.3299,14,99.0,1.012141854397206,-0.5638230986439673,9,9,25,0.002075377049180328,6.1245,95.0
393,400,0.6411,6.5468,16,98.79775000000001,0.4063809943659237,0.06942855929395284,6,8,13,0.0043791304347826085,6.4353,95.0
394,400,4.8335,8.7907,14,98.8418,0.9018643751272635,-0.601713318087579,7,0,31,0.0024031437944231817,8.5993,95.0
395,400,3.6466,8.0253,14,98.9271,1.230307845908863,-0.8836760362495003,0,4,31,0.002193903772553308,7.7269,95.0
396,400,9.159,4.5443,9,98.9348,2.9587031134762416,-2.3380643840485296,4,4,31,0.0012422908693275013,4.3969,95.0
397,400,4.6035,6.4822999999999995,14,99.02175,1.091932187241226,-0.6617037692091835,9,7,31,0.0018342671194114316,6.3054,95.0
398,400,5.0447,7.5600000000000005,14,98.8749,0.9207065227504212,-0.5441423841801962,7,6,31,0.002120617110799439,7.3764,95.0
399,400,0.8846,6.889,16,98.84774999999999,0.3358237244395355,0.09822073543697367,4,5,19,0.003208663251047974,6.7561,95.0
